Config, NX, NY, NumPoints, TotalInterpTime(s)
1, 250, 100, 100000000, 23.058503
2, 500, 200, 100000000, 23.311211
3, 1000, 400, 100000000, 27.905736
    