Config, NX, NY, NumPoints, TotalInterpTime(s)
1, 250, 100, 100000000, 11.397261
2, 500, 200, 100000000, 11.709858
3, 1000, 400, 100000000, 14.032561
